fichier,immat,stick,date,tirage,n,groupes,tandems,fuel_lbs,pilote_kg,paras_kg,masse_lbs,statut,sequence,mu_max,mu_max_largage,cg_in,mac,marge_dec,marge_largage,optimal,gap,boites,ecart_sortie,temps,warn
2026-07-03-1.pdf,PC6-A,1,2026-07-03 10:12,,,,,,,,,ignore (avion non Caravan),,,,,,,,,,,,,
2026-07-03-2.pdf,PC6-A,2,2026-07-03 10:35,,,,,,,,,ignore (avion non Caravan),,,,,,,,,,,,,
2026-07-03-3.pdf,PC6-A,3,2026-07-03 11:27,,,,,,,,,ignore (avion non Caravan),,,,,,,,,,,,,
2026-07-03-4.pdf,PC6-A,4,2026-07-03 11:47,,,,,,,,,ignore (avion non Caravan),,,,,,,,,,,,,
2026-07-03-5.pdf,PC6-A,5,2026-07-03 14:39,,,,,,,,,ignore (avion non Caravan),,,,,,,,,,,,,
2026-07-03-6.pdf,PC6-A,6,2026-07-03 15:01,,,,,,,,,ignore (avion non Caravan),,,,,,,,,,,,,
2026-07-03-7.pdf,PC6-A,7,2026-07-03 16:16,,,,,,,,,ignore (avion non Caravan),,,,,,,,,,,,,
2026-07-03-8.pdf,PC6-A,8,2026-07-03 17:15,,,,,,,,,ignore (avion non Caravan),,,,,,,,,,,,,
2026-07-04-1.pdf,C208B-B,1,2026-07-04 08:38,,,,,,,,,ignore (carburant_absent),,,,,,,,,,,,,carburant_absent
2026-07-04-10.pdf,C208B-B,10,2026-07-04 11:58,,11,3,0,575.6,88.0,908.0,7757.81047522388,ok,True,5.363270180822466,5.363270180822466,203.42856572055922,38.94362307313136,0.9214342794407742,3.1941664262656957,False,0.2556676291726283,2.475999999999999,19.0,10.347201108932495,
2026-07-04-11.pdf,C208B-B,11,2026-07-04 14:40,,17,5,0,1149.5,88.0,1348.0,9301.49103641791,ECHEC MTOW : masse au decollage 9301 lbs > MTOW 9062 (depassement 109 kg),,,,,,,,,,,,0.0007941722869873047,
2026-07-04-12.pdf,C208B-B,12,2026-07-04 15:05,,16,5,0,1045.9,88.0,1373.0,9253.239372238806,ECHEC MTOW : masse au decollage 9253 lbs > MTOW 9062 (depassement 87 kg),,,,,,,,,,,,0.0008234977722167969,
2026-07-04-13.pdf,C208B-B,13,2026-07-04 15:32,,16,5,0,942.3,88.0,1348.0,9094.198499104477,ECHEC MTOW : masse au decollage 9094 lbs > MTOW 9062 (depassement 15 kg),,,,,,,,,,,,0.0008063316345214844,
2026-07-04-14.pdf,C208B-B,14,2026-07-04 15:54,,17,8,0,838.6,88.0,1402.0,9109.967382089551,ECHEC MTOW : masse au decollage 9110 lbs > MTOW 9062 (depassement 22 kg),,,,,,,,,,,,0.0008606910705566406,
2026-07-04-15.pdf,C208B-B,15,2026-07-04 17:03,,18,6,0,735.0,88.0,1482.0,9182.283250746268,ECHEC MTOW : masse au decollage 9182 lbs > MTOW 9062 (depassement 54 kg),,,,,,,,,,,,0.00043511390686035156,
2026-07-04-16.pdf,C208B-B,16,2026-07-04 17:29,,15,5,0,631.4,88.0,1197.0,8450.760580597014,ok,True,3.3393654443274556,3.3393654443274556,203.24631500864209,38.669149109400735,1.103684991357909,1.0923774415811636,False,0.11046281062541882,4.328666666666666,15.0,12.677902698516846,
2026-07-04-17.pdf,C208B-B,17,2026-07-04 17:48,,15,5,3,527.8,88.0,1273.0,8514.4102080597,ok,True,0.6159161928045708,0.6159161928045708,203.73408380719542,39.40374067348708,0.6159161928045762,0.6752052637634449,True,0.0,6.1480000000000015,30.0,1.0761892795562744,
2026-07-04-18.pdf,C208B-B,18,2026-07-04 18:44,,15,5,0,1027.4,88.0,1225.0,8908.56606,ok,True,1.186151148269102,1.186151148269102,203.78478169709993,39.48009291731918,0.5652183029000639,0.5315895048097161,False,0.3049423860335887,6.586,21.0,13.78623366355896,
2026-07-04-19.pdf,C208B-B,19,2026-07-04 19:01,,13,5,0,923.7,88.0,1058.0,8436.407952835822,ok,True,1.9937579004109867,1.9937579004109867,203.827642815087,39.544642793805714,0.5223571849130053,1.711812226852885,False,0.3225915276923045,5.457333333333334,24.0,13.793100118637085,
2026-07-04-2.pdf,C208B-B,2,2026-07-04 08:57,,,,,,,,,ignore (carburant_absent),,,,,,,,,,,,,carburant_absent
2026-07-04-3.pdf,C208B-B,3,2026-07-04 09:23,,,,,,,,,ignore (carburant_absent),,,,,,,,,,,,,carburant_absent
2026-07-04-4.pdf,C208B-B,4,2026-07-04 09:42,,,,,,,,,ignore (carburant_absent),,,,,,,,,,,,,carburant_absent
2026-07-04-5.pdf,C208B-B,5,2026-07-04 10:08,,14,6,0,975.3,88.0,1122.0,8629.3902,ok,True,2.147184969930221,2.147184969930221,203.77712795222553,39.46856619311074,0.5728720477744673,1.244361267567342,False,0.24627217880229757,4.833999999999999,17.0,14.812966346740723,
2026-07-04-6.pdf,C208B-B,6,2026-07-04 10:31,,15,5,0,871.7,88.0,1215.0,8730.330307761193,ok,True,2.9574214763376228,2.9574214763376228,203.75669317492805,39.43779092609646,0.5933068250719487,0.5553031682338769,False,0.15021007760877256,5.019333333333329,18.0,13.187791347503662,
2026-07-04-7.pdf,C208B-B,7,2026-07-04 10:55,,15,5,0,768.1,88.0,1309.0,8834.418319104476,ok,True,1.5066594856155942,1.5066594856155942,203.60974616367218,39.216485186253294,0.7402538363278097,0.6052643075925346,False,0.29092180898864567,4.631999999999999,22.0,18.20186161994934,
2026-07-04-8.pdf,C208B-B,8,2026-07-04 11:18,,15,5,0,664.5,88.0,1193.0,8474.700309552238,ok,True,3.025662891180551,3.025662891180551,203.21461547797824,38.621408852376874,1.1353845220217522,1.2369829132732377,False,0.15248183960858971,4.193999999999999,12.0,13.634822607040405,
2026-07-04-9.pdf,C208B-B,9,2026-07-04 11:40,,18,6,0,679.2,88.0,1490.0,9144.227673432835,ECHEC MTOW : masse au decollage 9144 lbs > MTOW 9062 (depassement 37 kg),,,,,,,,,,,,0.0003566741943359375,
2026-07-05-1.pdf,C208B-B,1,2026-07-05 09:21,,16,6,0,870.8,60.0,1321.0,8901.383205074626,ok,True,2.1065642628294734,2.1065642628294734,203.68333927746585,39.3273181889546,0.6666607225341465,0.5446694956932276,False,0.17942004690807173,4.901333333333333,26.0,20.060553073883057,
2026-07-05-10.pdf,C208B-B,10,2026-07-05 15:25,,16,4,0,837.8,88.0,1306.0,8897.53580238806,ok,True,1.7003226207564117,1.7003226207564117,203.53587490948038,39.10523329741022,0.8141250905196102,0.8182777398587859,False,0.39537450857821527,6.788000000000003,35.0,19.201706886291504,
2026-07-05-11.pdf,C208B-B,11,2026-07-05 15:41,,9,4,0,734.1,88.0,739.0,7543.364023582089,ok,True,4.221433592604534,4.221433592604534,203.12392119237904,38.484821072860015,1.2260788076209508,3.6874673278901753,True,0.009902018133175141,3.2339999999999987,13.0,8.372404336929321,
2026-07-05-12.pdf,C208B-B,12,2026-07-05 17:02,,18,5,0,630.5,88.0,1505.0,9128.870107761195,ECHEC MTOW : masse au decollage 9129 lbs > MTOW 9062 (depassement 30 kg),,,,,,,,,,,,0.0003845691680908203,
2026-07-05-2.pdf,C208B-B,2,2026-07-05 09:45,,15,5,0,767.2,60.0,1211.0,8555.722766268656,ok,True,3.380660131451819,3.380660131451819,203.75602658816786,39.43678703037328,0.5939734118321383,0.5123838520451045,False,0.1367607347969852,3.8739999999999997,15.0,14.290531873703003,
2026-07-05-3.pdf,C208B-B,3,2026-07-05 10:10,,17,5,0,663.6,60.0,1397.0,8861.82686238806,ok,True,3.1247913767488846,3.1247913767488846,203.79322691442312,39.49281161810711,0.5567730855768787,0.5672247488187452,False,0.42399140352998965,4.699333333333332,28.0,11.732289791107178,
2026-07-05-4.pdf,C208B-B,4,2026-07-05 10:35,,10,3,0,560.0,60.0,833.0,7515.083868955224,ok,True,6.265570316126081,6.265570316126081,203.80412382199438,39.50922262348552,0.5458761780056136,2.7533568236729025,True,0.009897956378574995,2.290666666666666,16.0,7.007529973983765,
2026-07-05-5.pdf,C208B-B,5,2026-07-05 10:57,,18,7,0,456.4,60.0,1469.0,8813.452039701491,ok,True,1.7137759230616454,1.7137759230616454,203.83579717937994,39.5569234629216,0.5142028206200564,0.5081816780390795,False,0.4182243810194223,8.236666666666668,41.0,15.747507572174072,
2026-07-05-6.pdf,C208B-B,6,2026-07-05 11:16,,15,4,0,352.7,60.0,1228.7,8180.057973104478,ok,True,4.555733637292038,4.555733637292038,203.7978346465487,39.499750973717916,0.5521653534513007,1.9551420256437382,False,0.21484553805239656,3.368666666666667,19.0,14.351037979125977,
2026-07-05-7.pdf,C208B-B,7,2026-07-05 12:06,,17,5,0,1027.4,60.0,1403.0,9239.25906,ECHEC MTOW : masse au decollage 9239 lbs > MTOW 9062 (depassement 80 kg),,,,,,,,,,,,0.000213623046875,
2026-07-05-8.pdf,C208B-B,8,2026-07-05 14:34,,16,4,0,1045.0,88.0,1312.0,9117.870985074625,ECHEC MTOW : masse au decollage 9118 lbs > MTOW 9062 (depassement 25 kg),,,,,,,,,,,,0.00021147727966308594,
2026-07-05-9.pdf,C208B-B,9,2026-07-05 14:55,,16,3,0,941.4,88.0,1384.0,9172.651386268657,ECHEC MTOW : masse au decollage 9173 lbs > MTOW 9062 (depassement 50 kg),,,,,,,,,,,,0.0002079010009765625,
2026-07-10-1.pdf,C208B-A,1,2026-07-10 09:54,,11,4,0,1027.4,88.0,898.0,8091.655319999999,ok,True,4.827990661667314,4.827990661667314,203.42454008562723,38.93756036992053,0.925459914372766,2.7394785389951437,False,0.11562866373470176,3.5539999999999967,20.0,11.571733713150024,
2026-07-10-2.pdf,C208B-A,2,2026-07-10 10:15,,6,3,0,923.7,88.0,483.0,7072.751452835821,ok,True,6.808836544768187,6.808836544768187,203.42889590785984,38.94412034316241,0.9211040921401548,3.658213863707232,True,0.009679147661674416,2.0379999999999976,7.0,1.7665739059448242,
2026-07-10-3.pdf,C208B-A,3,2026-07-10 10:36,,10,4,0,820.1,88.0,876.0,7835.593978507462,ok,True,5.275991019697381,5.275991019697381,203.68486736976976,39.32961953278579,0.6651326302302323,2.373079697699211,True,0.009856365536494887,3.2339999999999964,18.0,11.145160675048828,
2026-07-10-4.pdf,C208B-A,4,2026-07-10 11:07,,7,3,0,716.5,88.0,544.0,7000.125810149253,ok,True,7.098985014045695,7.098985014045695,203.52887412519783,39.0946899475871,0.8211258748021635,3.1911459882616384,True,0.009062365946720354,3.0486666666666657,11.0,5.834728956222534,
2026-07-10-5.pdf,C208B-A,5,2026-07-10 11:26,,9,4,0,612.9,88.0,753.0,7357.133181194029,ok,True,6.309141498483437,6.309141498483437,203.42468109763556,38.93777273740295,0.9253189023644381,3.033217642816055,False,0.0850869044343786,3.2339999999999964,17.0,11.70674443244934,
2026-07-10-6.pdf,C208B-A,6,2026-07-10 11:47,,7,3,0,509.3,88.0,572.0,6854.747707462686,ok,True,7.567994970585391,7.567994970585391,203.81339365895863,39.52318322132325,0.5366063410413631,3.5174127977204535,True,0.00895501859704268,3.1160000000000014,12.0,7.806994676589966,
2026-07-10-7.pdf,C208B-B,7,2026-07-10 12:07,,,,,,,,,ignore (carburant_absent),,,,,,,,,,,,,carburant_absent
2026-07-11-1.pdf,C208B-A,1,2026-07-11 09:44,,13,5,0,1027.4,60.0,1031.0,8323.14042,ok,True,3.7762386965619132,3.7762386965619132,203.7829423811681,39.477322863204996,0.5670576188318819,2.5606208519385234,False,0.22388763567613995,3.941333333333332,25.0,14.91012954711914,
2026-07-11-10.pdf,C208B-A,10,2026-07-11 15:39,,15,5,1,489.4,88.0,1233.7,8293.55073161194,ok,True,2.35874384688762,2.35874384688762,203.7246853380982,39.38958635255753,0.6253146619017969,2.57276372607447,False,0.0473114903358858,6.467999999999998,27.0,10.378992557525635,
2026-07-11-11.pdf,C208B-A,11,2026-07-11 15:57,,14,4,1,385.8,88.0,1159.0,8025.202931044776,ok,True,4.414385741093854,4.414385741093854,203.83943878076425,39.562407802355814,0.5105612192357398,2.5933707665643055,False,0.10932991169835586,4.631999999999998,28.0,11.521145105361938,
2026-07-11-12.pdf,C208B-A,12,2026-07-11 17:04,,17,5,0,282.2,88.0,1369.0,8384.543280298507,ok,True,2.7173148408453858,2.7173148408453858,203.84113441374336,39.56496146648097,0.5088655862566327,1.137213552378114,False,0.1299909513411764,6.349999999999999,28.0,13.533344745635986,
2026-07-11-2.pdf,C208B-A,2,2026-07-11 10:07,,16,5,0,923.7,88.0,1298.0,8869.516752835822,ok,True,1.323779491963521,1.323779491963521,203.63399842381108,39.25300967441428,0.7160015761889156,0.7504135079660443,False,0.2246723472148236,6.282666666666664,25.0,20.065056085586548,
2026-07-11-3.pdf,C208B-A,3,2026-07-11 10:52,,16,5,2,820.1,88.0,1358.0,8898.220818507463,ok,True,0.6667978439262094,0.6667978439262094,203.72811920141203,39.394757833451855,0.6218807985879664,0.8289345673289006,True,0.009899833013654564,6.215333333333332,20.0,6.320226669311523,
2026-07-11-4.pdf,C208B-A,4,2026-07-11 10:52,,10,4,1,716.5,88.0,828.0,7626.237890149254,ok,True,5.107336841625413,5.107336841625413,203.81100804386216,39.51959042750326,0.5389919561378349,2.76794212484387,True,0.009559785292282788,3.621333333333332,22.0,7.1510090827941895,
2026-07-11-5.pdf,C208B-A,5,2026-07-11 11:37,,18,5,2,612.9,88.0,1467.0,8931.231861194028,ok (groupes non ordonnes),True,2.9507967996799582,-0.3009057623381974,203.59954902908825,39.201128055855804,0.7504509709117428,0.5817547787689534,False,0.17374038797704633,9.938,32.0,12.17862057685852,
2026-07-11-6.pdf,C208B-A,6,2026-07-11 12:04,,18,6,0,508.6,88.0,1527.0,8959.47025522388,ok,True,2.1394273737522225,2.1394273737522225,203.73520843781802,39.40543439430425,0.6147915621819777,0.6831374258074732,False,0.17303713129585185,6.2319999999999975,36.0,15.30529499053955,
2026-07-11-7.pdf,C208B-A,7,2026-07-11 14:29,,18,5,0,801.2,88.0,1443.0,9066.515011044776,ECHEC MTOW : masse au decollage 9066 lbs > MTOW 9062 (depassement 2 kg),,,,,,,,,,,,0.0003871917724609375,
2026-07-11-8.pdf,C208B-A,8,2026-07-11 14:55,,17,6,0,696.7,88.0,1422.0,8916.074707462687,ok,True,1.24092262295672,1.24092262295672,203.5356060459941,39.10482838252122,0.814393954005908,0.8695341981239153,False,0.24116219883817241,6.788000000000002,33.0,19.37463617324829,
2026-07-11-9.pdf,C208B-A,9,2026-07-11 15:17,,14,3,2,593.0,88.0,1139.0,8188.217993731343,ok,True,3.873783617620143,3.873783617620143,203.66470331732233,39.299251983919184,0.6852966826776594,1.978685061858613,False,0.07127630690202964,5.642666666666665,24.0,11.810195446014404,
2026-07-12-1.pdf,C208B-A,1,2026-07-12 09:38,,17,4,0,627.0,88.0,1413.0,8826.492828955223,ok,True,1.4158103618115303,1.4158103618115303,203.7861252150472,39.4821162877217,0.5638747849527874,0.5157384575564095,True,0.009962425636211853,7.107999999999999,23.0,11.871184825897217,
2026-07-12-2.pdf,C208B-A,2,2026-07-12 09:58,,10,3,0,522.5,88.0,825.0,7425.519552537313,ok,True,7.004480914831784,7.004480914831784,203.8482896675794,39.575737451173794,0.5017103324206005,2.3020621955347735,False,0.16408974654899353,3.3686666666666634,22.0,10.700361728668213,
2026-07-14-1.pdf,C208B-A,1,2026-07-14 08:09,,15,5,0,1219.2,88.0,1232.0,9019.495414925372,ok,True,1.9697632600325388,1.9697632600325388,203.42764184042184,38.942231687382304,0.9223581595781525,1.3038086009678125,False,0.23733948808126307,3.6886666666666654,27.0,13.372620105743408,
2026-07-14-10.pdf,C208B-A,10,2026-07-14 14:37,,17,7,0,783.7,88.0,1368.0,8883.929705074626,ok,True,1.9129495405002086,1.9129495405002086,203.58288909867224,39.17603779920519,0.7671109013277544,0.6603299198852142,False,0.11402466023884152,4.58133333333333,22.0,12.851689338684082,
2026-07-14-11.pdf,C208B-A,11,2026-07-14 15:06,,17,6,0,679.2,88.0,1400.0,8849.811873432835,ok,True,1.4780544231955166,1.4780544231955166,203.8301092313025,39.54835727605796,0.5198907686975076,0.6731399750343598,False,0.4663993338716961,7.465999999999998,43.0,13.708150386810303,
2026-07-14-12.pdf,C208B-A,12,2026-07-14 15:28,,17,6,0,574.7,88.0,1405.0,8756.620048059702,ok,True,3.426420461007812,3.426420461007812,203.83598283453802,39.55720306406329,0.5140171654619792,0.5010306243739535,False,0.2697016589130716,5.086666666666666,18.0,12.338256597518921,
2026-07-14-13.pdf,C208B-A,13,2026-07-14 15:47,,11,4,3,471.1,88.0,845.0,7418.041803283582,ok,True,6.112817442044123,6.112817442044123,202.92464781250723,38.18471056100488,1.4253521874927628,3.154768254438693,True,0.009597514524647152,4.682666666666665,22.0,2.7555956840515137,
2026-07-14-14.pdf,C208B-A,14,2026-07-14 17:13,,13,5,0,609.6,88.0,1024.0,7951.235947462686,ok,True,4.481363094060582,4.481363094060582,203.78239743577984,39.47650216231904,0.5676025642201523,2.2847917462390512,True,0.009257793836461973,3.7559999999999967,19.0,11.270183086395264,
2026-07-14-15.pdf,C208B-A,15,2026-07-14 17:38,,16,6,0,505.1,88.0,1305.0,8466.596854029849,ok,True,1.1832865876798435,1.1832865876798435,203.64381702421275,39.26779672321199,0.7061829757872431,1.3343668068862087,False,0.1888477690801031,6.232,23.0,13.970793008804321,
2026-07-14-16.pdf,C208B-A,16,2026-07-14 18:37,,12,5,0,400.6,88.0,963.0,7607.6765155223875,ok,True,4.950156633571277,4.950156633571277,203.67149749312918,39.30948417639937,0.6785025068708137,3.0321574624412904,True,0.009995323722408364,4.699333333333332,25.0,12.579870462417603,
2026-07-14-2.pdf,C208B-A,2,2026-07-14 08:30,,11,5,0,1114.7,88.0,899.0,8180.65994,ok,True,4.488733561142504,4.488733561142504,203.75797634457984,39.439723410511824,0.5920236554201495,2.443270814617847,False,0.2510504384030324,4.3793333333333315,21.0,13.181187868118286,
2026-07-14-3.pdf,C208B-A,3,2026-07-14 08:54,,15,5,0,1010.2,88.0,1214.0,8771.11524,ok,True,2.7192428812039973,2.7192428812039973,203.84778114358917,39.574971601790935,0.5022188564108205,1.4099715373296533,False,0.2556399393116829,4.513999999999998,23.0,16.321966648101807,
2026-07-14-4.pdf,C208B-A,4,2026-07-14 09:16,,14,5,0,906.5,88.0,1139.0,8502.03888925373,ok,True,2.907459761406266,2.907459761406266,203.2514200049283,38.67683735681972,1.0985799950717023,2.862440165869913,False,0.23599915040787028,3.5706666666666638,26.0,17.847436666488647,
2026-07-14-5.pdf,C208B-A,5,2026-07-14 10:10,,17,4,0,802.9,88.0,1377.0,8922.684717910448,ok,True,2.9696265155562265,2.9696265155562265,203.73263882789448,39.401564499841086,0.6173611721055181,0.6033603128155107,False,0.24935030799573382,4.951999999999996,21.0,14.409877061843872,
2026-07-14-6.pdf,C208B-A,6,2026-07-14 10:34,,18,5,0,699.3,88.0,1471.0,9026.739893432834,ok,True,1.5972878104923622,1.5972878104923622,203.65000572446652,39.27711705491947,0.69999427553347,0.6332512134713113,False,0.35137971605354434,6.5859999999999985,38.0,14.628755569458008,
2026-07-14-7.pdf,C208B-A,7,2026-07-14 11:00,,16,6,1,595.7,88.0,1329.0,8609.75549522388,ok,True,3.200115743538132,3.200115743538132,203.80240005193045,39.506626584232606,0.5475999480695464,1.6019898131675916,False,0.09521026421308477,4.952,22.0,12.868359804153442,
2026-07-14-8.pdf,C208B-A,8,2026-07-14 11:41,,18,7,0,609.6,88.0,1471.0,8936.701087462687,ok,True,0.8085883025517033,0.8085883025517033,203.7988098598762,39.50121966848826,0.5511901401237935,0.678093035595623,False,0.34197924487278236,5.912,32.0,16.361618757247925,
2026-07-14-9.pdf,C208B-A,9,2026-07-14 12:08,,15,5,0,505.1,88.0,1279.0,8409.27673402985,ok,True,4.004683101989617,4.004683101989617,203.6458246838667,39.27082030702816,0.704175316133302,2.9880291403442243,False,0.1756589619625513,3.6886666666666668,28.0,12.892633199691772,
2026-07-15-1.pdf,C208B-B,1,2026-07-15 09:17,,14,5,0,696.7,88.0,1150.0,8412.418067462686,ok,True,2.8964133638963543,2.8964133638963543,203.84245215526263,39.56694601696181,0.5075478447373598,2.03531901195376,False,0.1531038032748103,3.755999999999999,18.0,16.35627245903015,
2026-07-15-2.pdf,C208B-B,2,2026-07-15 09:36,,9,3,0,592.2,88.0,690.0,7293.55555402985,ok,True,6.416129210342215,6.416129210342215,203.6581565536009,39.28939240000135,0.6918434463991048,3.1642395866139736,True,0.007685741847310749,1.7179999999999973,8.0,3.475696086883545,
2026-07-15-3.pdf,C208B-B,3,2026-07-15 10:44,,14,5,0,488.5,88.0,1137.0,8175.450544776119,ok,True,4.105182980737569,4.105182980737569,203.82230894366955,39.53660985492404,0.5276910563304398,2.6835423542856915,False,0.23594022957903946,3.941333333333334,20.0,14.36011815071106,
2026-07-15-4.pdf,C208B-B,4,2026-07-15 11:04,,9,3,0,384.9,88.0,729.0,7172.329763880597,ok,True,6.701873866590847,6.701873866590847,203.04958893210016,38.37287489774121,1.3004110678998302,3.7869358916840383,True,0.007751666551363338,1.9033333333333327,11.0,7.336307048797607,
2026-07-15-5.pdf,C208B-B,5,2026-07-15 11:34,,14,3,0,281.3,88.0,1137.0,7968.158007462686,ok,True,5.545996308141078,5.545996308141078,203.6868247634003,39.33256741475949,0.6631752365996988,2.751193810676483,True,0.009688992118396998,1.9033333333333304,13.0,8.505540609359741,
2026-07-15-6.pdf,C208B-B,6,2026-07-15 15:09,,12,5,0,696.7,88.0,978.0,8033.223427462686,ok,True,3.9577207778575776,3.9577207778575776,203.76559726960807,39.45120070724107,0.584402730391929,2.166555400423505,False,0.2437653534302367,2.930666666666664,19.0,12.021426439285278,
2026-07-15-7.pdf,C208B-B,7,2026-07-15 15:33,,16,4,1,592.2,88.0,1243.0,8512.71041402985,ok,True,4.070974199455376,4.070974199455376,203.72192845295686,39.38543441710371,0.6280715470431346,0.5790002234268172,True,9.241771611686243e-07,3.3519999999999994,12.0,4.742392063140869,
2026-07-15-8.pdf,C208B-B,8,2026-07-15 17:03,,13,4,0,488.5,88.0,1116.0,8129.153524776119,ok,True,5.095432026634346,5.095432026634346,203.75792692057757,39.43964897677346,0.5920730794224198,2.471767487569849,True,0.00997525662660678,2.290666666666664,19.0,9.486984014511108,
2026-07-15-9.pdf,C208B-B,9,2026-07-15 17:31,,12,4,0,384.9,88.0,1026.0,7827.101903880597,ok,True,5.965333070601395,5.965333070601395,203.74228712050783,39.41609506100577,0.6077128794921691,3.6527905390452418,False,0.18260627749922362,3.0486666666666657,21.0,11.773297786712646,
2026-07-16-1.pdf,C208B-B,1,2026-07-16 14:32,,16,4,0,1027.4,88.0,1319.0,9115.80034,ECHEC MTOW : masse au decollage 9116 lbs > MTOW 9062 (depassement 25 kg),,,,,,,,,,,,0.0002951622009277344,
2026-07-16-2.pdf,C208B-B,2,2026-07-16 16:07,,14,4,0,923.7,88.0,1143.0,8623.80065283582,ok,True,3.484344913963471,3.484344913963471,203.7479297116092,39.424592939170495,0.6020702883907916,1.0892235322924648,False,0.1234085005608277,3.3686666666666643,23.0,14.144798040390015,
2026-07-16-3.pdf,C208B-B,3,2026-07-16 16:20,,6,2,0,820.1,88.0,466.0,7027.699778507462,ok,True,6.8104916310030195,6.8104916310030195,201.67723899461595,36.3060828232168,2.6727610053840465,5.775666322476155,True,0.0,1.3979999999999972,3.0,0.4671792984008789,
2026-07-16-4.pdf,C208B-B,4,2026-07-16 18:09,,14,3,0,716.5,88.0,1145.0,8421.102430149254,ok,True,4.340583671158607,4.340583671158607,203.7191687907249,39.38127829928448,0.630831209275101,1.3662515060379121,True,0.009833404469323013,1.9033333333333304,13.0,3.9124085903167725,
2026-07-17-1.pdf,C208B-A,1,2026-07-17 17:21,,11,5,1,522.5,88.0,932.0,7661.413892537313,ok,True,5.883790750422067,5.883790750422067,203.82717972297547,39.54394536592692,0.5228202770245218,2.638994951857171,True,0.009975805370775267,4.3119999999999985,24.0,11.55906057357788,
2026-07-18-1.pdf,C208B-A,1,2026-07-18 09:31,,16,3,0,1132.1,100.0,1306.0,9121.79572,ECHEC MTOW : masse au decollage 9122 lbs > MTOW 9062 (depassement 27 kg),,,,,,,,,,,,0.00021004676818847656,
2026-07-18-10.pdf,C208B-A,10,2026-07-18 15:42,,17,5,1,1080.7,100.0,1393.0,9262.19766,ECHEC MTOW : masse au decollage 9262 lbs > MTOW 9062 (depassement 91 kg),,,,,,,,,,,,0.00021719932556152344,
2026-07-18-11.pdf,C208B-A,11,2026-07-18 16:23,,18,5,2,977.1,80.0,1447.0,9234.05474,ECHEC MTOW : masse au decollage 9234 lbs > MTOW 9062 (depassement 78 kg),,,,,,,,,,,,0.00021409988403320312,
2026-07-18-12.pdf,C208B-A,12,2026-07-18 16:38,,17,5,1,873.5,80.0,1348.0,8911.734673432835,ok,True,2.21618445702156,2.21618445702156,203.6589541366084,39.29059357922953,0.6910458633915937,0.6752881088812615,False,0.16783507972251238,5.962666666666664,22.0,20.058820247650146,
2026-07-18-13.pdf,C208B-A,13,2026-07-18 17:12,,18,7,1,769.9,80.0,1453.0,9040.073504776119,ok (groupes non ordonnes),True,2.6556600887395145,-0.5458694075418239,202.4218849731939,37.42753761023178,1.928115026806097,0.5592614046566382,False,0.45659010900129776,13.172000000000004,25.0,14.157726526260376,
2026-07-18-14.pdf,C208B-A,14,2026-07-18 17:33,,15,5,1,666.2,80.0,1209.0,8398.011896417911,ok,True,4.3487074811032995,4.3487074811032995,203.82934469610035,39.54720586762102,0.5206553038996447,1.1582519197940826,False,0.18186613468798918,4.379333333333333,25.0,11.574683904647827,
2026-07-18-15.pdf,C208B-A,15,2026-07-18 18:44,,16,7,1,923.1,60.0,1348.0,8917.427348059702,ok,True,0.4843217646891213,0.4843217646891213,203.85390344213235,39.584191930922216,0.49609655786764506,0.4843217646891276,True,0.009619514517605695,7.747999999999998,23.0,9.891616106033325,
2026-07-18-16.pdf,C208B-A,16,2026-07-18 19:07,,16,5,2,818.6,60.0,1239.0,8572.619290447761,ok,True,3.8583097628033363,3.8583097628033363,203.84633778260599,39.57279786537047,0.5036622173940088,1.1219335894677442,True,0.009761383276490333,4.446666666666666,23.0,9.992916584014893,
2026-07-18-17.pdf,C208B-A,17,2026-07-18 19:31,,9,4,0,715.0,60.0,710.0,7302.885758208956,ok,True,7.226024552304553,7.226024552304553,203.58636115105685,39.18126679376032,0.7636388489431454,2.824064765501447,True,0.009979090046382583,2.863333333333335,18.0,10.375580787658691,
2026-07-18-2.pdf,C208B-A,2,2026-07-18 09:57,,17,4,0,1028.5,100.0,1473.0,9386.867259999999,ECHEC MTOW : masse au decollage 9387 lbs > MTOW 9062 (depassement 147 kg),,,,,,,,,,,,0.00037789344787597656,
2026-07-18-3.pdf,C208B-A,3,2026-07-18 10:22,,17,7,2,924.8,100.0,1359.0,9031.537594925372,ok,True,2.0307681914370743,2.0307681914370743,203.7617565274903,39.4454164570637,0.5882434725097028,0.5431185393519797,False,0.22236827036045953,4.379333333333331,38.0,13.638929843902588,
2026-07-18-4.pdf,C208B-A,4,2026-07-18 10:44,,18,6,2,821.2,100.0,1470.0,9172.710116417911,ECHEC MTOW : masse au decollage 9173 lbs > MTOW 9062 (depassement 50 kg),,,,,,,,,,,,0.0003695487976074219,
2026-07-18-5.pdf,C208B-A,5,2026-07-18 11:09,,18,3,1,717.6,100.0,1486.0,9104.416872238806,ECHEC MTOW : masse au decollage 9105 lbs > MTOW 9062 (depassement 19 kg),,,,,,,,,,,,0.0003795623779296875,
2026-07-18-6.pdf,C208B-A,6,2026-07-18 11:48,,17,6,2,614.0,100.0,1486.0,9000.691499104478,ok,True,1.556169684706275,1.556169684706275,203.8388496664354,39.56152058198104,0.5111503335645864,0.5036421866334706,False,0.15721334259388284,4.884666666666663,32.0,14.227203130722046,
2026-07-18-7.pdf,C208B-A,7,2026-07-18 11:58,,19,6,2,510.4,100.0,1439.0,8793.692269552239,ok,True,2.505065917460303,2.505065917460303,203.72793428489226,39.39447934471726,0.6220657151077376,0.7226479826564116,False,0.12225864620373954,5.389999999999999,42.0,12.359967708587646,
2026-07-18-8.pdf,C208B-A,8,2026-07-18 14:47,,15,5,1,1288.8,100.0,1255.0,9166.295920895522,ECHEC MTOW : masse au decollage 9166 lbs > MTOW 9062 (depassement 47 kg),,,,,,,,,,,,0.0002779960632324219,
2026-07-18-9.pdf,C208B-A,9,2026-07-18 15:11,,15,6,1,1184.3,100.0,1233.0,9013.382340597014,ok,True,0.9169319727847239,0.9169319727847239,203.7969547278808,39.49842579500121,0.5530452721191921,0.6548943934886324,True,0.009639769759201633,6.09733333333333,27.0,4.945350885391235,
2026-07-19-1.pdf,C208B-A,1,2026-07-19 09:29,,16,6,0,1306.2,100.0,1300.0,9283.163522388058,ECHEC MTOW : masse au decollage 9283 lbs > MTOW 9062 (depassement 100 kg),,,,,,,,,,,,0.00021529197692871094,
2026-07-19-10.pdf,C208B-A,10,2026-07-19 15:26,,16,5,2,1010.2,100.0,1257.0,8892.369340000001,ok,True,2.4657828670685134,2.4657828670685134,203.82228685396333,39.536576587294185,0.5277131460366604,0.5230186997063981,True,0.009865114809558546,5.45733333333333,21.0,8.621859073638916,
2026-07-19-11.pdf,C208B-A,11,2026-07-19 15:56,,17,5,0,906.5,100.0,1403.0,9110.514009253731,ECHEC MTOW : masse au decollage 9110 lbs > MTOW 9062 (depassement 22 kg),,,,,,,,,,,,0.0003845691680908203,
2026-07-19-12.pdf,C208B-A,12,2026-07-19 16:21,,15,5,1,802.9,100.0,1174.0,8501.602297910447,ok,True,3.037353670570548,3.037353670570548,203.68270683998193,39.32636572286437,0.6672931600180618,2.4818050853083946,False,0.1509626928818788,5.086666666666664,21.0,12.984251260757446,
2026-07-19-13.pdf,C208B-A,13,2026-07-19 16:50,,18,5,2,696.7,100.0,1509.0,9134.332087462688,ECHEC MTOW : masse au decollage 9134 lbs > MTOW 9062 (depassement 33 kg),,,,,,,,,,,,0.00022268295288085938,
2026-07-19-14.pdf,C208B-A,14,2026-07-19 17:19,,11,3,0,593.0,100.0,976.0,7855.320373731343,ok,True,5.86312872626399,5.86312872626399,203.62481467172427,39.23917872247631,0.7251853282757281,2.3548731750391596,False,0.07496591020730677,2.9813333333333323,26.0,10.580482482910156,
2026-07-19-2.pdf,C208B-A,2,2026-07-19 09:56,,16,5,0,1201.7,100.0,1322.0,9226.733819104478,ECHEC MTOW : masse au decollage 9227 lbs > MTOW 9062 (depassement 75 kg),,,,,,,,,,,,0.00048470497131347656,
2026-07-19-3.pdf,C208B-A,3,2026-07-19 10:21,,15,7,0,1098.1,100.0,1242.0,8946.70004,ok,True,2.3026980140101467,2.3026980140101467,201.12199079404115,35.46986565367644,2.5995178833066745,1.1485484032876627,False,0.6713900990602452,5.659333333333334,68.0,15.646213054656982,
2026-07-19-4.pdf,C208B-A,4,2026-07-19 10:42,,15,6,0,994.5,100.0,1145.0,8629.7519,ok,True,2.567787712967983,2.567787712967983,203.83016175496132,39.54843637795381,0.5198382450386703,1.8408713401967418,False,0.20396838180550275,6.0806666666666676,23.0,16.924429178237915,
2026-07-19-5.pdf,C208B-A,5,2026-07-19 11:09,,17,5,2,890.9,100.0,1388.0,9061.671574925373,ok,True,1.1033223579882796,1.1033223579882796,203.7870078476434,39.48344555367982,0.5629921523565997,0.5640753088374026,True,0.009927583712269306,7.226000000000003,39.0,7.426798343658447,
2026-07-19-6.pdf,C208B-A,6,2026-07-19 11:40,,17,6,2,787.3,100.0,1393.0,8969.046913731343,ok,True,2.525969610875519,2.525969610875519,203.66128891492602,39.29410981163557,0.6887110850739759,0.6133594651328167,False,0.24201704848564676,6.855333333333337,28.0,13.975701570510864,
2026-07-19-7.pdf,C208B-A,7,2026-07-19 12:07,,18,7,1,683.7,100.0,1469.0,9032.95325761194,ok (groupes non ordonnes),True,2.6743172844146628,2.6743172844146628,203.61916686954157,39.23067299629756,0.7308331304584215,0.6704051718186861,False,0.33740915185387166,12.414000000000003,38.0,10.860764265060425,
2026-07-19-8.pdf,C208B-A,8,2026-07-19 14:30,,15,5,0,1219.2,100.0,1179.0,8929.105994925372,ok,True,2.9349256103595986,2.9349256103595986,203.7768770224519,39.46818828682518,0.5731229775480813,0.5616428271056009,False,0.09269051715875641,2.930666666666664,26.0,11.411306858062744,
2026-07-19-9.pdf,C208B-A,9,2026-07-19 14:56,,17,4,0,1114.7,100.0,1440.0,9399.8148,ECHEC MTOW : masse au decollage 9400 lbs > MTOW 9062 (depassement 153 kg),,,,,,,,,,,,0.00040268898010253906,
2026-07-20-1.pdf,C208B-A,1,2026-07-20 08:30,,16,5,0,1027.4,88.0,1381.0,9156.48678,ECHEC MTOW : masse au decollage 9157 lbs > MTOW 9062 (depassement 43 kg),,,,,,,,,,,,0.00022363662719726562,
2026-07-20-10.pdf,C208B-A,10,2026-07-20 12:06,,19,5,0,348.3,88.0,1583.0,8922.418527462687,ok,True,2.5567903893507182,2.5567903893507182,203.77341631822566,39.462976382869975,0.5765836817743377,0.5713065943107267,False,0.12379310540094722,5.844666666666665,32.0,15.309196710586548,
2026-07-20-11.pdf,C208B-A,11,2026-07-20 12:29,,10,4,0,244.7,88.0,782.0,7053.067161194029,ok,True,7.704743615581867,7.704743615581867,203.50587298872065,39.06004968180822,0.8441270112793404,3.199373343142611,False,0.23254043854382145,4.194000000000003,22.0,11.588363885879517,
2026-07-20-12.pdf,C208B-A,12,2026-07-20 12:49,,15,5,0,1027.4,88.0,1204.0,8766.26904,ok,True,3.150263859096079,3.150263859096079,203.74701136581535,39.42320988827614,0.6029886341846407,0.6011931724698627,False,0.1876566262531528,3.8233333333333315,24.0,13.888141393661499,
2026-07-20-13.pdf,C208B-A,13,2026-07-20 14:54,,20,8,0,609.6,88.0,1650.0,9331.328067462686,ECHEC MTOW : masse au decollage 9331 lbs > MTOW 9062 (depassement 122 kg),,,,,,,,,,,,0.00021266937255859375,
2026-07-20-14.pdf,C208B-A,14,2026-07-20 15:24,,20,6,0,505.1,88.0,1632.0,9187.50759402985,ECHEC MTOW : masse au decollage 9188 lbs > MTOW 9062 (depassement 57 kg),,,,,,,,,,,,0.00036907196044921875,
2026-07-20-15.pdf,C208B-A,15,2026-07-20 15:49,,20,6,0,400.6,88.0,1580.0,8967.927055522388,ok,True,2.5265064110066113,2.5265064110066113,203.84159776678345,39.565659287324486,0.5084022332165432,1.0337956870322387,False,0.33684709683857067,5.360666666666668,51.0,20.048482656478882,
2026-07-20-2.pdf,C208B-A,2,2026-07-20 08:54,,16,5,0,923.7,88.0,1304.0,8882.74447283582,ok,True,2.3483744342649513,2.3483744342649513,203.73597889527673,39.406594721802314,0.614021104723264,0.62622727102152,False,0.2661690431907852,6.669999999999997,22.0,19.68923544883728,
2026-07-20-3.pdf,C208B-A,3,2026-07-20 09:24,,13,4,0,820.1,88.0,1030.0,8175.105458507462,ok,True,4.966102575400735,4.966102575400735,203.70828469377997,39.36488658701804,0.6417153062200214,2.724788323308559,True,0.009987322668573263,2.9979999999999976,22.0,11.003690958023071,
2026-07-20-4.pdf,C208B-A,4,2026-07-20 09:46,,14,5,0,716.5,88.0,1142.0,8318.488570149253,ok,True,3.749580298783924,3.749580298783924,203.72106005915418,39.38412659511173,0.628939940845811,2.351411604546371,False,0.24456358640762782,5.642666666666665,29.0,13.166202545166016,
2026-07-20-5.pdf,C208B-A,5,2026-07-20 10:04,,14,5,0,612.9,88.0,1179.0,8296.30130119403,ok,True,2.4948653288682556,2.4948653288682556,203.74066249403214,39.413648334385755,0.6093375059678579,2.186722544734863,False,0.22669075410093464,6.029999999999999,25.0,15.05231261253357,
2026-07-20-6.pdf,C208B-A,6,2026-07-20 10:30,,16,5,0,509.3,88.0,1343.0,8554.509727462686,ok,True,3.645156137227977,3.645156137227977,203.67810302520883,39.319432266880774,0.6718969747911672,1.3550259458735354,False,0.1949674913132755,4.396000000000001,24.0,14.836759090423584,
2026-07-20-7.pdf,C208B-A,7,2026-07-20 10:49,,17,6,0,405.7,88.0,1369.0,8507.886563880596,ok,True,1.128398629838508,1.128398629838508,203.71845717025423,39.38020658170818,0.6315428297457686,0.8732034645497038,False,0.14503141065285746,6.484666666666665,20.0,12.630328893661499,
2026-07-20-8.pdf,C208B-A,8,2026-07-20 11:13,,12,5,1,302.0,88.0,960.0,7502.934297313433,ok,True,5.135083861015745,5.135083861015745,203.82299109698556,39.53763719425537,0.5270089030144334,2.3563507345088794,True,0.009596938940189252,4.008666666666663,20.0,6.931737184524536,
2026-07-20-9.pdf,C208B-A,9,2026-07-20 11:43,,18,7,0,198.4,88.0,1516.0,8624.64928597015,ok,True,1.3274349634308364,1.3274349634308364,203.8240136085291,39.539177121278776,0.5259863914708944,0.60266831343219,False,0.3827349104478828,8.358666666666664,38.0,11.806368112564087,
2026-07-21-1.pdf,C208B-A,1,2026-07-21 07:55,,18,6,0,1027.4,88.0,1518.0,9458.51972,ECHEC MTOW : masse au decollage 9458 lbs > MTOW 9062 (depassement 180 kg),,,,,,,,,,,,0.00040650367736816406,
2026-07-21-10.pdf,C208B-A,10,2026-07-21 12:13,,20,7,0,923.7,88.0,1666.0,9680.81691283582,ECHEC MTOW : masse au decollage 9681 lbs > MTOW 9062 (depassement 281 kg),,,,,,,,,,,,0.0003809928894042969,
2026-07-21-11.pdf,C208B-A,11,2026-07-21 12:41,,20,8,0,820.1,88.0,1633.0,9504.491318507462,ECHEC MTOW : masse au decollage 9504 lbs > MTOW 9062 (depassement 201 kg),,,,,,,,,,,,0.00038695335388183594,
2026-07-21-12.pdf,C208B-A,12,2026-07-21 15:04,,20,5,0,716.5,88.0,1643.0,9423.003190149253,ECHEC MTOW : masse au decollage 9423 lbs > MTOW 9062 (depassement 164 kg),,,,,,,,,,,,0.00039124488830566406,
2026-07-21-13.pdf,C208B-A,13,2026-07-21 15:34,,20,7,0,612.9,88.0,1624.0,9277.357201194029,ECHEC MTOW : masse au decollage 9277 lbs > MTOW 9062 (depassement 98 kg),,,,,,,,,,,,0.0003654956817626953,
2026-07-21-14.pdf,C208B-A,14,2026-07-21 16:03,,20,6,0,509.3,88.0,1645.0,9220.304967462685,ECHEC MTOW : masse au decollage 9220 lbs > MTOW 9062 (depassement 72 kg),,,,,,,,,,,,0.0003905296325683594,
2026-07-21-15.pdf,C208B-A,15,2026-07-21 16:28,,20,8,0,405.7,88.0,1662.0,9153.840223880596,ECHEC MTOW : masse au decollage 9154 lbs > MTOW 9062 (depassement 42 kg),,,,,,,,,,,,0.00038909912109375,
2026-07-21-2.pdf,C208B-A,2,2026-07-21 08:23,,17,7,0,923.7,88.0,1366.0,9019.430912835822,ok (groupes non ordonnes),True,2.7114520263284665,-0.28936729102559383,203.4249314365472,38.93814975383617,0.9250685634527827,0.9530631243006837,False,0.4719007322010759,12.346666666666668,24.0,15.632550239562988,
2026-07-21-3.pdf,C208B-A,3,2026-07-21 08:48,,19,6,0,820.1,88.0,1494.0,9198.049138507462,ECHEC MTOW : masse au decollage 9198 lbs > MTOW 9062 (depassement 62 kg),,,,,,,,,,,,0.0003859996795654297,
2026-07-21-4.pdf,C208B-A,4,2026-07-21 09:15,,20,5,0,716.5,88.0,1641.0,9418.593950149254,ECHEC MTOW : masse au decollage 9418 lbs > MTOW 9062 (depassement 162 kg),,,,,,,,,,,,0.00037932395935058594,
2026-07-21-5.pdf,C208B-A,5,2026-07-21 09:40,,20,7,0,612.9,88.0,1622.0,9272.94796119403,ECHEC MTOW : masse au decollage 9273 lbs > MTOW 9062 (depassement 96 kg),,,,,,,,,,,,0.00038170814514160156,
2026-07-21-6.pdf,C208B-A,6,2026-07-21 10:09,,20,6,0,509.3,88.0,1664.0,9262.192747462686,ECHEC MTOW : masse au decollage 9263 lbs > MTOW 9062 (depassement 91 kg),,,,,,,,,,,,0.0004038810729980469,
2026-07-21-7.pdf,C208B-A,7,2026-07-21 10:30,,17,5,0,405.7,88.0,1383.0,8538.751243880597,ok,True,3.9686196852355295,3.9686196852355295,203.38549918330088,38.87876383027242,0.9645008166991147,1.2976025923643135,False,0.1638353513972238,5.3393333333333315,19.0,14.312654733657837,
2026-07-21-8.pdf,C208B-A,8,2026-07-21 11:02,,20,5,0,302.0,88.0,1675.0,9079.237597313433,ECHEC MTOW : masse au decollage 9079 lbs > MTOW 9062 (depassement 8 kg),,,,,,,,,,,,0.0004010200500488281,
2026-07-21-9.pdf,C208B-A,9,2026-07-21 11:48,,20,7,0,1027.4,88.0,1562.0,9555.523,ECHEC MTOW : masse au decollage 9556 lbs > MTOW 9062 (depassement 224 kg),,,,,,,,,,,,0.00035881996154785156,
2026-07-22-1.pdf,C208B-A,1,2026-07-22 08:40,,18,7,0,1027.4,88.0,1452.0,9313.014799999999,ECHEC MTOW : masse au decollage 9313 lbs > MTOW 9062 (depassement 114 kg),,,,,,,,,,,,0.00036025047302246094,
2026-07-22-10.pdf,C208B-A,11,2026-07-22 14:57,,18,7,0,923.1,88.0,1415.0,9126.866248059701,ECHEC MTOW : masse au decollage 9127 lbs > MTOW 9062 (depassement 29 kg),,,,,,,,,,,,0.00037169456481933594,
2026-07-22-11.pdf,C208B-A,12,2026-07-22 15:25,,18,7,0,818.6,88.0,1444.0,9086.29575044776,ECHEC MTOW : masse au decollage 9087 lbs > MTOW 9062 (depassement 11 kg),,,,,,,,,,,,0.00035572052001953125,
2026-07-22-12.pdf,C208B-A,13,2026-07-22 15:49,,18,6,0,714.1,88.0,1493.0,9089.946011044776,ECHEC MTOW : masse au decollage 9090 lbs > MTOW 9062 (depassement 13 kg),,,,,,,,,,,,0.00039315223693847656,
2026-07-22-13.pdf,C208B-A,15,2026-07-22 16:12,,15,5,0,610.5,88.0,1175.0,8285.047000298508,ok,True,3.178098150946959,3.178098150946959,203.8492428081679,39.57717290386732,0.5007571918320934,2.4756364540394884,False,0.19307951623730993,5.086666666666664,24.0,13.54544448852539,
2026-07-22-14.pdf,C208B-A,16,2026-07-22 16:49,,19,8,0,506.8,88.0,1540.0,8986.357180895522,ok (groupes non ordonnes),True,2.806092694713972,-0.6798458395027072,203.73642637439002,39.40726863612956,0.6135736256099733,0.5003668384603941,False,0.4869062642631447,14.473333333333333,34.0,11.923139095306396,
2026-07-22-15.pdf,C208B-A,17,2026-07-22 17:11,,16,5,0,403.2,88.0,1298.0,8348.82123044776,ok,True,4.421197321735566,4.421197321735566,203.84230785375922,39.56672869542052,0.5076921462407711,1.8614529243456843,False,0.18317537321573804,3.8233333333333306,19.0,17.505337476730347,
2026-07-22-2-1.pdf,C208B-B,8,2026-07-22 10:37,,16,5,0,1027.4,80.0,1331.0,9124.61882,ECHEC MTOW : masse au decollage 9125 lbs > MTOW 9062 (depassement 29 kg),,,,,,,,,,,,0.0003864765167236328,
2026-07-22-2-2.pdf,C208B-B,14,2026-07-22 15:27,,14,5,0,923.7,80.0,1109.0,8531.20661283582,ok,True,3.1264919928736394,3.1264919928736394,203.76186608383367,39.445581451556734,0.5881339161663277,1.7545322821172817,False,0.21434112351563056,4.126666666666665,16.0,18.124773025512695,
2026-07-22-2-3.pdf,C208B-B,18,2026-07-22 17:25,,,,,,,,,ignore (carburant_absent),,,,,,,,,,,,,carburant_absent
2026-07-22-2-4.pdf,C208B-B,19,2026-07-22 17:56,,17,7,0,1027.4,80.0,1370.0,9210.598999999998,ECHEC MTOW : masse au decollage 9211 lbs > MTOW 9062 (depassement 68 kg),,,,,,,,,,,,0.0004506111145019531,
2026-07-22-2-5.pdf,C208B-B,20,2026-07-22 18:18,,20,8,0,923.7,80.0,1625.0,9668.790532835821,ECHEC MTOW : masse au decollage 9669 lbs > MTOW 9062 (depassement 275 kg),,,,,,,,,,,,0.0003726482391357422,
2026-07-22-2.pdf,C208B-A,2,2026-07-22 09:04,,18,6,0,923.7,88.0,1456.0,9217.84671283582,ECHEC MTOW : masse au decollage 9218 lbs > MTOW 9062 (depassement 71 kg),,,,,,,,,,,,0.0003726482391357422,
2026-07-22-3.pdf,C208B-A,3,2026-07-22 09:32,,20,7,0,820.1,88.0,1647.0,9535.355998507463,ECHEC MTOW : masse au decollage 9536 lbs > MTOW 9062 (depassement 215 kg),,,,,,,,,,,,0.0003654956817626953,
2026-07-22-4.pdf,C208B-A,4,2026-07-22 10:02,,20,6,0,716.5,88.0,1654.0,9447.254010149252,ECHEC MTOW : masse au decollage 9448 lbs > MTOW 9062 (depassement 175 kg),,,,,,,,,,,,0.00035500526428222656,
2026-07-22-5.pdf,C208B-A,5,2026-07-22 10:31,,20,7,0,612.9,88.0,1564.0,9145.08000119403,ECHEC MTOW : masse au decollage 9145 lbs > MTOW 9062 (depassement 38 kg),,,,,,,,,,,,0.00024175643920898438,
2026-07-22-6.pdf,C208B-A,6,2026-07-22 10:56,,18,7,0,509.3,88.0,1451.0,8792.608687462685,ok,True,1.5310551280937656,1.5310551280937656,203.72803085240147,39.39462477771307,0.6219691475985201,1.4544603125374636,False,0.350798218259364,6.349999999999996,36.0,12.22008490562439,
2026-07-22-7.pdf,C208B-A,7,2026-07-22 11:26,,20,8,0,405.7,88.0,1586.0,8986.289103880596,ok (groupes non ordonnes),True,2.802368497227426,-1.7312103136957957,203.8190915985266,39.53176445561235,0.5309084014733969,0.5328693894952607,False,0.48959711712867326,14.287999999999993,36.0,17.337273597717285,
2026-07-22-8.pdf,C208B-A,9,2026-07-22 11:49,,20,5,1,302.0,88.0,1665.0,9057.191397313432,ok (groupes non ordonnes),True,2.611165361278236,-0.6166186142227625,203.13409296272658,38.500140004106306,1.2159070372734107,0.6925887527945918,False,0.2861368481431784,11.374000000000002,39.0,12.837839365005493,
2026-07-22-9.pdf,C208B-A,10,2026-07-22 14:31,,18,5,0,1027.6,88.0,1515.0,9452.10586,ECHEC MTOW : masse au decollage 9452 lbs > MTOW 9062 (depassement 177 kg),,,,,,,,,,,,0.00045108795166015625,
2026-07-23-1.pdf,C208B-A,1,2026-07-23 08:49,,,,,,,,,ignore (carburant_absent),,,,,,,,,,,,,carburant_absent
2026-07-23-10.pdf,C208B-A,10,2026-07-23 14:53,,17,3,0,1027.6,88.0,1398.0,9194.16532,ECHEC MTOW : masse au decollage 9195 lbs > MTOW 9062 (depassement 60 kg),,,,,,,,,,,,0.00038933753967285156,
2026-07-23-11.pdf,C208B-A,11,2026-07-23 15:22,,18,7,0,924.0,88.0,1433.0,9167.43597522388,ECHEC MTOW : masse au decollage 9167 lbs > MTOW 9062 (depassement 48 kg),,,,,,,,,,,,0.0003840923309326172,
2026-07-23-12.pdf,C208B-A,12,2026-07-23 15:45,,17,7,0,820.3,88.0,1400.0,8991.017843582089,ok,True,0.14893116374166304,0.14893116374166304,204.2010688362584,40.10703137990724,0.14893116374159376,0.15676709296323565,True,0.009911461241273116,8.640666666666664,19.0,8.058907747268677,
2026-07-23-13.pdf,C208B-A,13,2026-07-23 16:16,,19,8,0,716.7,88.0,1527.0,9167.464285074626,ECHEC MTOW : masse au decollage 9168 lbs > MTOW 9062 (depassement 48 kg),,,,,,,,,,,,0.00031638145446777344,
2026-07-23-14.pdf,C208B-A,14,2026-07-23 16:38,,19,7,0,613.1,88.0,1496.0,8995.368826268657,ok,True,2.1635408724672804,2.1635408724672804,203.7235543146882,39.38788300404848,0.6264456853118077,1.0937885769779143,False,0.20244120904952329,5.406666666666665,35.0,13.897864580154419,
2026-07-23-15.pdf,C208B-A,15,2026-07-23 19:08,,19,8,0,509.5,88.0,1568.0,9050.746242388059,ok (groupes non ordonnes),True,2.624069181299382,-1.2913490529229898,203.8498075868548,39.578023474178934,0.5001924131451858,0.6858153166170098,False,0.5507714352982807,18.242,39.0,15.066908121109009,
2026-07-23-2.pdf,C208B-A,2,2026-07-23 09:11,,17,7,0,818.6,88.0,1382.0,8949.60931044776,ok,True,1.2347656773182503,1.2347656773182503,203.6329797739577,39.251475563189295,0.7170202260423082,0.6948240074852094,False,0.22171464199403476,6.737333333333333,37.0,13.131895303726196,
2026-07-23-3.pdf,C208B-A,3,2026-07-23 09:37,,18,6,0,714.1,88.0,1459.0,9014.988931044776,ok (groupes non ordonnes),True,2.7267259593395043,-0.37575113146520484,203.82397371584364,39.53911704193319,0.5260262841563588,0.5408036246446954,False,0.4499806497826278,13.491999999999997,34.0,12.766327619552612,
2026-07-23-4.pdf,C208B-A,4,2026-07-23 10:04,,18,3,0,609.6,88.0,1505.0,9011.658167462687,ok,True,1.6470517862419893,1.6470517862419893,203.848573592755,39.57616504932983,0.5014264072449919,0.5553711470438429,True,0.00995025245787465,6.5566666666666675,55.0,10.48110032081604,
2026-07-23-5.pdf,C208B-A,5,2026-07-23 10:31,,20,6,0,505.1,88.0,1566.0,9042.002674029849,ok,True,2.232883407505477,2.232883407505477,203.24843478576852,38.67234154483212,1.1015652142314707,0.5049146068311074,True,0.009925776797530492,4.872000000000002,46.0,12.568382740020752,
2026-07-23-6.pdf,C208B-A,6,2026-07-23 10:59,,20,8,0,401.5,88.0,1609.0,9032.747602686566,ok,True,0.2390338436584566,0.2390338436584566,203.0383329856551,38.35592317116733,1.3116670143448914,0.23903384365843294,True,0.007317632665835296,7.533333333333334,49.0,8.947196245193481,
2026-07-23-7.pdf,C208B-A,7,2026-07-23 11:25,,19,7,0,297.8,88.0,1615.0,8942.712636119402,ok,True,1.5221748948103435,1.5221748948103435,203.76956427208196,39.45717510855719,0.5804357279180294,0.9795464915812886,False,0.2515800117583629,6.455333333333334,48.0,17.32217264175415,
2026-07-23-8.pdf,C208B-A,8,2026-07-23 11:50,,20,6,0,261.2,88.0,1650.0,8982.931052537313,ok,True,1.711438044521802,1.711438044521802,203.49680362786884,39.04639100582658,0.8531963721311513,0.569299854883667,False,0.09025529804270029,7.680666666666667,55.0,20.088945150375366,
2026-07-23-9.pdf,C208B-A,9,2026-07-23 12:14,,,,,,,,,ignore (carburant_absent),,,,,,,,,,,,,carburant_absent
2026-07-24-1.pdf,C208B-A,1,2026-07-24 09:36,,17,6,0,1027.4,88.0,1425.0,9253.49006,ECHEC MTOW : masse au decollage 9253 lbs > MTOW 9062 (depassement 87 kg),,,,,,,,,,,,0.0003676414489746094,
2026-07-24-2.pdf,C208B-A,2,2026-07-24 10:02,,18,7,0,923.1,88.0,1503.0,9320.872808059701,ECHEC MTOW : masse au decollage 9321 lbs > MTOW 9062 (depassement 118 kg),,,,,,,,,,,,0.00036454200744628906,
2026-07-24-3.pdf,C208B-A,3,2026-07-24 10:31,,17,6,1,818.6,88.0,1336.0,8848.19679044776,ok,True,2.1106308697537997,2.1106308697537997,203.76043193529895,39.44342158930566,0.5895680647010408,0.532298527538785,False,0.32140173346556133,5.592,31.0,13.029619932174683,
2026-07-24-4.pdf,C208B-A,4,2026-07-24 10:50,,18,6,0,715.0,88.0,1453.0,9002.647778208955,ok,True,2.5630220200282956,2.5630220200282956,200.19827336133883,34.07872494177536,1.3737012169624165,0.6010724664899101,False,0.7439549936910027,7.146000000000002,115.0,13.661326885223389,
2026-07-24-5.pdf,C208B-A,5,2026-07-24 12:30,,17,5,0,611.3,88.0,1424.0,8834.809320597014,ok,True,3.215219322342724,3.215219322342724,203.83962207952982,39.56268385471359,0.5103779204701766,0.8105684542163658,True,0.009894058017353933,3.5706666666666638,29.0,12.882947444915771,
2026-07-24-6.pdf,C208B-A,6,2026-07-24 11:40,,17,5,0,507.7,88.0,1406.0,8691.8246680597,ok,True,3.5816504761084027,3.5816504761084027,203.65607782646174,39.28626178683998,0.6939221735382546,0.7980193533543343,False,0.13331074158731337,4.446666666666665,22.0,12.523240804672241,
2026-07-24-7.pdf,C208B-A,7,2026-07-24 12:05,,20,9,0,404.1,88.0,1633.0,9088.282363283583,ECHEC MTOW : masse au decollage 9088 lbs > MTOW 9062 (depassement 12 kg),,,,,,,,,,,,0.00037407875061035156,
2026-07-26-1.pdf,C208B-A,1,2026-07-26 16:04,,16,7,0,1027.4,88.0,1313.0,9006.572619999999,ok,True,0.29885783362734775,0.29885783362734775,204.05114216637264,39.88123820236844,0.29885783362735197,0.3441748401272662,True,0.009754179362230598,6.282666666666666,20.0,8.807433605194092,
2026-07-26-2.pdf,C208B-A,2,2026-07-26 16:16,,15,6,0,923.7,88.0,1191.0,8633.62241283582,ok,True,3.230166435440108,3.230166435440108,203.84817596208998,39.57556620796685,0.5018240379100121,1.8811588344366328,False,0.20650774352303117,4.6993333333333345,20.0,15.235449075698853,
2026-07-26-3.pdf,C208B-A,3,2026-07-26 16:44,,15,5,0,820.1,88.0,1203.0,8556.504718507462,ok,True,2.7368009414626115,2.7368009414626115,203.81474016250647,39.52521108811216,0.5352598374935269,1.7213346877101685,False,0.20657081723190365,6.215333333333331,18.0,13.05734920501709,
2026-07-26-4.pdf,C208B-A,4,2026-07-26 17:00,,14,6,0,716.5,88.0,1141.0,8316.283950149253,ok,True,2.4860497020529593,2.4860497020529593,203.78197892682195,39.475871877743906,0.5680210731780448,2.9388817547080066,False,0.17942444992311404,6.097333333333334,26.0,11.980451583862305,
2026-07-27-1.pdf,C208B-A,1,2026-07-27 10:35,,18,7,0,1027.4,88.0,1450.0,9308.60556,ECHEC MTOW : masse au decollage 9309 lbs > MTOW 9062 (depassement 112 kg),,,,,,,,,,,,0.0003743171691894531,
2026-07-27-2.pdf,C208B-A,2,2026-07-27 11:59,,18,7,0,923.7,88.0,1470.0,9248.711392835821,ECHEC MTOW : masse au decollage 9248 lbs > MTOW 9062 (depassement 85 kg),,,,,,,,,,,,0.0003769397735595703,
2026-07-27-3.pdf,C208B-A,3,2026-07-27 14:30,,17,6,1,870.8,88.0,1403.0,9047.891405074626,ok,True,1.5933111156860034,1.5933111156860034,203.7604584723869,39.44346155479953,0.5895415276131075,0.8234977531579091,True,0.009994904700881315,5.844666666666669,36.0,12.979959726333618,
2026-07-27-4.pdf,C208B-A,4,2026-07-27 15:12,,19,7,0,766.3,88.0,1525.0,9212.789373432835,ECHEC MTOW : masse au decollage 9213 lbs > MTOW 9062 (depassement 68 kg),,,,,,,,,,,,0.00035953521728515625,
2026-07-27-5.pdf,C208B-A,5,2026-07-27 15:55,,11,4,0,662.7,88.0,888.0,7704.51807522388,ok,True,4.814678967414362,4.814678967414362,203.82896282367287,39.546630758543486,0.5210371763271269,2.651341167202048,False,0.14991947987648913,3.873999999999996,23.0,13.588756322860718,
2026-07-27-6.pdf,C208B-A,6,2026-07-27 16:37,,18,6,0,559.1,88.0,1464.0,8871.015016119403,ok,True,0.685319139454589,0.685319139454589,203.84049239967578,39.56399457782498,0.5095076003242127,0.5174653145791979,False,0.18476488848179948,7.718666666666666,43.0,14.19505786895752,
2026-07-27-7.pdf,C208B-A,7,2026-07-27 17:15,,17,6,2,455.5,88.0,1384.0,8590.902132537312,ok (groupes non ordonnes),True,3.86586660515565,-2.184348072340162,203.4777910628016,39.01775762470121,0.8722089371983941,0.8321111558811367,False,0.17545278081220275,8.623999999999999,22.0,11.203709363937378,
2026-07-28-1.pdf,C208B-A,1,2026-07-28 09:24,,16,6,0,1045.0,80.0,1292.0,8960.141625074626,ok,True,1.1340725460305445,1.1340725460305445,203.68848721579693,39.335071108127906,0.6615127842030688,0.5076293647802572,False,0.5072124640919686,7.971333333333331,42.0,14.707117080688477,
2026-07-28-10.pdf,C208B-A,10,2026-07-28 15:48,,16,7,0,1011.9,100.0,1301.0,8991.072619999999,ok,True,0.47804282696677614,0.47804282696677614,203.871159636683,39.6101801757274,0.47884036331700486,0.47930897935094663,False,0.3280242539330313,8.729333333333333,25.0,13.598784685134888,
2026-07-28-11.pdf,C208B-A,11,2026-07-28 16:10,,17,5,0,908.3,100.0,1392.0,9088.036323582088,ECHEC MTOW : masse au decollage 9088 lbs > MTOW 9062 (depassement 12 kg),,,,,,,,,,,,0.00040078163146972656,
2026-07-28-12.pdf,C208B-A,12,2026-07-28 16:35,,17,7,0,804.7,100.0,1370.0,8935.501847761192,ok,True,0.22485680971858918,0.22485680971858918,203.81751333003237,39.529387545229476,0.532486669967625,0.22485680971860234,False,0.19781929431318834,6.73733333333333,30.0,12.39354157447815,
2026-07-28-13.pdf,C208B-A,13,2026-07-28 17:01,,18,7,0,701.1,100.0,1422.0,8946.995819104477,ok,True,1.2349493587654816,1.2349493587654816,202.8527641061945,38.076451967160416,1.497235893805481,0.5279417665871335,False,0.20808214335687658,7.360666666666664,33.0,12.48492431640625,
2026-07-28-14.pdf,C208B-A,14,2026-07-28 17:25,,16,6,0,597.5,100.0,1306.0,8587.277809552239,ok,True,0.8357186384491643,0.8357186384491643,203.8113814688024,39.52015281446147,0.5386185311975851,1.1262872075497512,False,0.16018642358523533,6.030000000000001,23.0,12.918494701385498,
2026-07-28-15.pdf,C208B-A,15,2026-07-28 17:49,,18,5,0,493.8,100.0,1453.0,8807.945009253732,ok,True,2.5195757009761257,2.5195757009761257,203.7257461257571,39.391183924332985,0.6242538742428962,1.3610870845223815,False,0.3574327360634365,6.350000000000001,43.0,13.596343278884888,
2026-07-28-16.pdf,C208B-A,16,2026-07-28 18:45,,14,4,0,522.5,60.0,1172.0,8128.793332537313,ok,True,4.706168683181567,4.706168683181567,203.57855420583397,39.1695093461355,0.7714457941660271,3.1593677897414523,False,0.1917609482724441,5.457333333333333,26.0,16.701509952545166,
2026-07-28-17.pdf,C208B-A,17,2026-07-28 19:13,,15,6,0,418.0,60.0,1200.0,8086.060005970148,ok,True,3.958883454736134,3.958883454736134,203.84206065656394,39.56635641048788,0.5079393434360497,2.743752106420601,False,0.21048529777917763,5.642666666666663,33.0,15.113479614257812,
2026-07-28-2.pdf,C208B-A,2,2026-07-28 09:48,,17,6,0,941.4,80.0,1363.0,9012.717406268657,ok (groupes non ordonnes),True,2.7318486663333243,-0.1751821531789694,203.23750492270105,38.65588090768231,1.112495077298945,0.7689054125137034,False,0.3981350390838063,8.438666666666665,22.0,13.808298826217651,
2026-07-28-3.pdf,C208B-A,3,2026-07-28 10:17,,15,6,0,837.8,80.0,1215.0,8583.278422388059,ok,True,2.1504155404897007,2.1504155404897007,203.74333582723278,39.4176744386036,0.6066641727672106,1.6631017219289674,False,0.2252239056299274,4.395999999999998,25.0,12.42103099822998,
2026-07-28-4.pdf,C208B-A,4,2026-07-28 10:43,,18,4,0,734.1,80.0,1462.0,9023.667323582089,ok,True,2.495439481047937,2.495439481047937,203.69088305554865,39.33867930052509,0.6591169444513412,0.53195713067322,False,0.35399724233739355,6.855333333333333,46.0,20.073227643966675,
2026-07-28-5.pdf,C208B-A,5,2026-07-28 11:14,,19,6,0,630.5,80.0,1488.0,8977.754607761195,ok,True,0.4525343231811942,0.4525343231811942,203.8924212118614,39.64220062027321,0.45757878813859065,0.45253432318119735,False,0.2553960990883087,8.825999999999999,36.0,12.536664247512817,
2026-07-28-6.pdf,C208B-A,6,2026-07-28 11:41,,17,6,0,526.9,80.0,1383.0,8642.394880895521,ok,True,2.5395193898399433,2.5395193898399433,203.71558147142593,39.37587570997883,0.6344185285740593,0.9182689199911351,False,0.2909306993956391,6.349999999999999,18.0,18.91681933403015,
2026-07-28-7.pdf,C208B-A,7,2026-07-28 12:08,,19,6,0,423.3,80.0,1560.0,8929.194710447762,ok,True,2.318241654292321,2.318241654292321,203.8012952106752,39.50496266667952,0.5487047893248018,0.8258767914723251,False,0.2958640473314262,8.224000000000002,46.0,12.92240595817566,
2026-07-28-8.pdf,C208B-A,8,2026-07-28 14:49,,15,5,0,1219.2,100.0,1198.0,8970.993774925373,ok,True,0.2990007475947601,0.2990007475947601,204.05083365150523,39.880773571544026,0.2991663484947651,0.2990007475947607,True,0.009992491436136685,7.1080000000000005,22.0,12.283886909484863,
2026-07-28-9.pdf,C208B-A,9,2026-07-28 15:21,,16,6,0,1115.5,100.0,1278.0,9043.466359999999,ok,True,1.5401482599235197,1.5401482599235197,203.7784596424969,39.47057175074835,0.5715403575030962,0.517357215708131,False,0.21463946949993906,5.086666666666669,34.0,14.162755250930786,
2026-07-29-1pdf,C208B-A,1,2026-07-29 09:45,,16,5,0,1132.1,100.0,1292.0,9090.93104,ECHEC MTOW : masse au decollage 9091 lbs > MTOW 9062 (depassement 13 kg),,,,,,,,,,,,0.0003662109375,groupes 7/6
2026-07-29-2.pdf,C208B-A,2,2026-07-29 10:30,,17,5,0,1027.6,100.0,1363.0,9143.45906,ECHEC MTOW : masse au decollage 9143 lbs > MTOW 9062 (depassement 37 kg),,,,,,,,,,,,0.00040531158447265625,
2026-07-29-3.pdf,C208B-A,3,2026-07-29 10:32,,9,3,0,924.0,100.0,706.0,7591.13267522388,ok,True,6.588968407344321,6.588968407344321,203.7848933879116,39.48026112637291,0.5651066120883854,3.55425973455678,False,0.07504713312079275,2.3579999999999974,19.0,11.14860463142395,groupes 5/4
2026-07-29-4.pdf,C208B-A,4,2026-07-29 10:52,,14,5,0,820.3,100.0,1139.0,8442.06746358209,ok,True,1.9493721206979782,1.9493721206979782,203.7378108130468,39.40935363410662,0.6121891869532021,2.2422364786604874,False,0.16707043353177706,5.406666666666666,28.0,12.912285804748535,
2026-07-29-5.pdf,C208B-A,5,2026-07-29 11:17,,16,5,0,716.7,100.0,1283.0,8655.992445074626,ok,True,2.003071649160535,2.003071649160535,203.69051549927937,39.338125751926775,0.6594845007206231,0.7130971630938916,False,0.2651192357793459,6.282666666666663,20.0,13.78576946258545,
2026-07-29-6.pdf,C208B-A,6,2026-07-29 11:39,,12,5,0,613.1,100.0,937.0,7789.441686268657,ok,True,6.034947992589965,6.034947992589965,203.77499164094166,39.46534885683986,0.5750083590583301,2.3854333533161594,True,0.009871392674396379,2.037999999999997,17.0,7.017390489578247,groupes 8/6
2026-07-30-1.pdf,C208B-A,1,2026-07-30 14:28,,18,7,0,696.7,88.0,1487.0,9059.375007462686,ok,True,0.3388618019678926,0.3388618019678926,202.85448322969978,38.079041008584014,1.4955167703002132,0.33886180196770965,False,0.2949790886137596,6.551999999999997,38.0,18.234508514404297,
2026-07-30-2.pdf,C208B-A,2,2026-07-30 14:53,,15,6,0,592.2,88.0,1240.0,8410.09655402985,ok,True,2.2573218284304915,2.2573218284304915,203.64882477698163,39.27533851955065,0.7011752230183674,1.2280988543835747,False,0.20998860461139,4.715999999999999,25.0,11.859450101852417,
2026-07-30-3.pdf,C208B-A,3,2026-07-30 15:15,,15,5,0,487.7,88.0,1283.0,8400.513124477611,ok,True,4.1157503058471425,4.1157503058471425,203.8104936309413,39.51881570924895,0.5395063690586994,2.618204084002599,False,0.17804791128163797,3.0653333333333332,22.0,14.687705755233765,
2026-07-30-4.pdf,C208B-A,4,2026-07-30 15:37,,14,6,0,384.0,88.0,1110.0,7915.403416716417,ok,True,4.057670782776648,4.057670782776648,203.2951286814252,38.742663676845204,1.054871318574783,2.6372434261091087,False,0.24465420690679476,4.766666666666663,27.0,13.673275232315063,
2026-07-30-5.pdf,C208B-A,5,2026-07-30 17:11,,18,6,0,609.6,88.0,1451.0,8892.608687462685,ok (groupes non ordonnes),True,3.035890064567356,3.035890064567356,202.58371768136996,37.67126156832826,1.766282318630033,0.6191554994857995,False,0.264228150112746,8.186,30.0,24.609349966049194,
2026-07-30-6.pdf,C208B-A,6,2026-07-30 17:34,,17,7,0,505.1,88.0,1481.0,8854.60997402985,ok,True,3.0276533858274566,3.0276533858274566,203.7154190806742,39.37563114559367,0.6345809193257992,0.7284691769791323,False,0.29302762295277257,5.659333333333332,21.0,14.588221788406372,
2026-07-30-7.pdf,C208B-A,7,2026-07-30 18:01,,19,6,0,400.6,88.0,1586.0,8981.154775522387,ok,True,0.7172006182201649,0.7172006182201649,203.59183872632926,39.18951615411033,0.758161273670737,0.7172006182208861,False,0.26562988455216036,6.855333333333333,50.0,15.269582509994507,
